,ID,nonpolar,polar,positive,negative,unchargedpolar,G,A,V,C,P,L,I,M,W,F,S,T,Y,N,Q,K,R,H,D,E,sum_all,aromatic,nonaromatic
0,Q9NQ94,52.861952861952865,47.13804713804714,12.962962962962962,10.774410774410773,23.400673400673398,9.427609427609427,10.1010101010101,6.902356902356903,0.8417508417508417,6.228956228956229,7.744107744107744,5.05050505050505,2.6936026936026933,0.6734006734006733,3.1986531986531985,4.040404040404041,6.228956228956229,5.218855218855219,4.040404040404041,3.872053872053872,6.228956228956229,5.387205387205387,1.3468013468013467,4.377104377104377,6.397306397306397,99.99999999999999,10.437710437710436,89.56228956228955
1,A8K2U0,50.61898211829436,49.38101788170564,9.903713892709765,10.110041265474553,29.36726272352132,6.671251719394773,6.258596973865199,7.8404401650618984,1.71939477303989,5.845942228335626,9.903713892709765,4.470426409903714,2.1320495185694637,1.1691884456671253,4.607977991746905,8.390646492434662,6.946354883081156,4.264099037138927,4.126547455295736,5.639614855570839,5.364511691884457,2.8885832187070153,1.6506189821182942,4.53920220082531,5.570839064649244,100.00000000000001,11.691884456671252,88.30811554332877
2,O15254,54.57142857142857,45.42857142857143,13.285714285714286,10.857142857142858,21.285714285714285,7.142857142857142,9.428571428571429,6.714285714285714,1.8571428571428572,4.857142857142857,13.142857142857142,3.2857142857142856,1.7142857142857144,1.2857142857142856,5.142857142857142,8.285714285714285,3.2857142857142856,3.2857142857142856,2.571428571428571,3.8571428571428568,4.714285714285714,5.857142857142858,2.7142857142857144,5.0,5.857142857142858,100.0,12.428571428571427,87.57142857142857
3,P86434,54.71698113207547,45.28301886792453,10.69182389937107,8.80503144654088,25.78616352201258,10.062893081761008,8.176100628930817,3.7735849056603774,5.031446540880504,10.69182389937107,6.918238993710692,2.515723270440252,0.628930817610063,5.031446540880504,1.8867924528301887,8.80503144654088,6.918238993710692,1.257861635220126,3.1446540880503147,5.660377358490567,3.1446540880503147,4.40251572327044,3.1446540880503147,2.515723270440252,6.289308176100629,100.0,11.320754716981133,88.67924528301887
4,P05408,50.47169811320755,49.528301886792455,14.622641509433961,14.150943396226415,20.754716981132077,8.962264150943396,5.660377358490567,5.660377358490567,0.9433962264150944,9.433962264150944,8.962264150943396,2.8301886792452833,2.8301886792452833,1.4150943396226416,3.7735849056603774,5.660377358490567,3.30188679245283,2.8301886792452833,4.245283018867925,4.716981132075472,5.188679245283019,5.660377358490567,3.7735849056603774,7.0754716981132075,7.0754716981132075,99.99999999999999,11.79245283018868,88.2075471698113
5,P0DMS8,61.32075471698113,38.67924528301887,9.433962264150944,4.40251572327044,24.842767295597483,3.459119496855346,5.660377358490567,9.433962264150944,3.1446540880503147,2.8301886792452833,15.09433962264151,9.119496855345911,4.40251572327044,1.5723270440251573,6.60377358490566,7.861635220125786,6.289308176100629,5.031446540880504,4.716981132075472,0.9433962264150944,4.40251572327044,3.1446540880503147,1.8867924528301887,1.8867924528301887,2.515723270440252,100.00000000000001,15.094339622641511,84.9056603773585
6,Q8N0Z2,44.09448818897638,55.90551181102362,19.160104986876643,14.698162729658792,22.04724409448819,8.398950131233596,6.036745406824147,6.036745406824147,1.0498687664041995,6.299212598425196,5.774278215223097,4.199475065616798,2.3622047244094486,2.099737532808399,1.837270341207349,7.086614173228346,4.986876640419948,2.099737532808399,2.099737532808399,5.774278215223097,7.349081364829396,8.398950131233596,3.4120734908136483,5.511811023622047,9.186351706036746,100.0,9.448818897637796,90.55118110236221
7,Q16671,58.1151832460733,41.8848167539267,10.471204188481675,10.471204188481675,20.94240837696335,7.853403141361256,8.37696335078534,3.664921465968586,4.363001745200698,10.645724258289704,13.961605584642234,3.1413612565445024,1.2216404886561953,2.2687609075043627,2.6178010471204187,7.155322862129145,4.712041884816754,1.9197207678883073,1.5706806282722512,5.5846422338568935,1.2216404886561953,6.980802792321117,2.2687609075043627,4.537521815008725,5.93368237347295,100.0,9.07504363001745,90.92495636998255
8,Q9GZX7,47.474747474747474,52.52525252525253,19.696969696969695,11.616161616161616,21.21212121212121,4.545454545454546,5.05050505050505,5.05050505050505,3.535353535353535,2.525252525252525,12.626262626262626,2.525252525252525,1.5151515151515151,3.0303030303030303,7.07070707070707,5.05050505050505,4.545454545454546,5.555555555555555,4.545454545454546,1.5151515151515151,4.040404040404041,13.131313131313133,2.525252525252525,6.565656565656567,5.05050505050505,100.00000000000001,18.18181818181818,81.81818181818184
9,Q86TY3,44.832041343669246,55.167958656330754,8.527131782945736,18.34625322997416,28.294573643410853,6.330749354005167,6.847545219638243,6.718346253229974,0.3875968992248062,6.330749354005167,8.2687338501292,3.10077519379845,3.359173126614987,0.6459948320413437,2.842377260981912,9.560723514211885,10.20671834625323,1.03359173126615,2.7131782945736433,4.7803617571059425,4.0051679586563305,3.359173126614987,1.1627906976744187,5.943152454780361,12.4031007751938,100.0,5.684754521963825,94.31524547803618
10,P0C7Q2,54.20560747663551,45.794392523364486,14.018691588785046,7.476635514018691,24.299065420560748,8.411214953271028,8.411214953271028,5.607476635514018,0.9345794392523363,8.411214953271028,10.2803738317757,4.672897196261682,3.7383177570093453,0.0,3.7383177570093453,13.084112149532709,5.607476635514018,0.9345794392523363,0.0,4.672897196261682,3.7383177570093453,5.607476635514018,4.672897196261682,1.8691588785046727,5.607476635514018,100.0,9.345794392523363,90.65420560747664
11,Q9BY76,50.24630541871922,49.75369458128079,15.517241379310345,9.35960591133005,24.876847290640395,8.374384236453201,8.620689655172415,4.679802955665025,1.7241379310344827,5.665024630541872,11.576354679802956,1.9704433497536946,1.7241379310344827,2.4630541871921183,3.4482758620689653,7.8817733990147785,4.433497536945813,1.2315270935960592,2.4630541871921183,8.866995073891626,3.9408866995073892,7.142857142857142,4.433497536945813,4.679802955665025,4.679802955665025,100.0,11.576354679802956,88.42364532019704
12,P03950,50.34013605442177,49.65986394557823,17.687074829931973,6.802721088435375,25.170068027210885,8.16326530612245,4.081632653061225,6.122448979591836,4.081632653061225,6.802721088435375,9.523809523809524,4.761904761904762,2.0408163265306123,0.6802721088435374,4.081632653061225,6.122448979591836,6.122448979591836,2.7210884353741496,6.122448979591836,4.081632653061225,4.761904761904762,8.843537414965986,4.081632653061225,4.081632653061225,2.7210884353741496,100.0,11.564625850340136,88.43537414965986
13,Q13520,67.37588652482269,32.62411347517731,7.446808510638298,4.609929078014184,20.56737588652482,10.638297872340425,13.47517730496454,10.99290780141844,1.0638297872340425,4.609929078014184,11.347517730496454,5.319148936170213,3.1914893617021276,2.127659574468085,4.609929078014184,7.092198581560284,7.092198581560284,1.4184397163120568,2.127659574468085,2.8368794326241136,2.127659574468085,3.546099290780142,1.773049645390071,1.4184397163120568,3.1914893617021276,99.99999999999999,9.929078014184396,90.07092198581559
14,Q9NWL6,51.32192846034215,48.67807153965785,13.21928460342146,11.81959564541213,23.63919129082426,5.7542768273716955,6.531881804043546,7.153965785381026,2.177293934681182,3.7325038880248838,11.66407465007776,6.531881804043546,1.8662519440124419,1.5552099533437014,4.354587869362364,8.864696734059098,3.421461897356143,1.7107309486780715,5.598755832037325,4.043545878693624,5.7542768273716955,5.443234836702955,2.021772939346812,4.354587869362364,7.4650077760497675,100.0,9.64230171073095,90.35769828926905
15,P18440,45.86206896551724,54.137931034482754,14.13793103448276,12.758620689655173,27.241379310344826,5.862068965517241,2.413793103448276,4.827586206896552,1.7241379310344827,3.4482758620689653,11.379310344827587,6.896551724137931,2.0689655172413794,1.3793103448275863,5.862068965517241,5.862068965517241,7.241379310344828,4.827586206896552,4.482758620689655,4.827586206896552,5.517241379310345,5.862068965517241,2.7586206896551726,5.862068965517241,6.896551724137931,100.0,14.827586206896552,85.17241379310344
16,O43861,52.04882301656495,47.95117698343505,12.641673931996515,10.54925893635571,24.760244115082823,5.754141238012206,7.149084568439407,8.195292066259809,2.353966870095902,3.3129904097646032,10.636442894507411,5.231037489102005,3.225806451612903,1.3949433304272014,4.795117698343505,7.933740191804708,6.2772449869224065,3.7489102005231034,2.528334786399302,4.272013949433305,4.969485614646905,5.754141238012206,1.918047079337402,4.272013949433305,6.2772449869224065,99.99999999999999,11.857018308631211,88.14298169136877
17,Q9NR71,50.38461538461539,49.61538461538461,10.897435897435898,8.333333333333332,30.384615384615383,8.076923076923077,7.435897435897436,6.153846153846154,1.153846153846154,5.512820512820513,7.435897435897436,6.794871794871795,2.307692307692308,1.153846153846154,4.358974358974359,8.461538461538462,8.076923076923077,3.5897435897435894,5.0,5.256410256410256,3.974358974358974,3.974358974358974,2.9487179487179485,3.974358974358974,4.358974358974359,100.00000000000001,12.051282051282051,87.94871794871796
18,O95816,41.70616113744076,58.29383886255924,16.587677725118482,15.165876777251185,26.540284360189574,3.7914691943127963,8.056872037914692,4.739336492890995,1.4218009478672986,1.4218009478672986,11.374407582938389,6.161137440758294,2.843601895734597,0.0,1.8957345971563981,9.95260663507109,3.7914691943127963,0.47393364928909953,5.687203791469194,6.6350710900473935,6.6350710900473935,7.5829383886255926,2.3696682464454977,4.739336492890995,10.42654028436019,100.0,4.739336492890995,95.260663507109
19,Q86Y30,53.21100917431193,46.788990825688074,12.844036697247708,9.174311926605505,24.770642201834864,1.834862385321101,9.174311926605505,11.009174311926607,2.7522935779816518,4.587155963302752,12.844036697247708,3.669724770642202,2.7522935779816518,0.9174311926605505,3.669724770642202,8.256880733944955,8.256880733944955,0.0,2.7522935779816518,5.5045871559633035,4.587155963302752,7.339449541284404,0.9174311926605505,2.7522935779816518,6.422018348623854,100.0,5.504587155963303,94.4954128440367
20,Q9UBR1,52.34375,47.65625,13.802083333333334,12.239583333333332,21.614583333333336,6.25,9.895833333333332,7.03125,2.34375,5.208333333333334,8.072916666666668,4.947916666666666,2.083333333333333,1.8229166666666667,4.6875,5.729166666666666,4.166666666666666,3.125,5.46875,3.125,4.427083333333334,6.25,3.125,3.6458333333333335,8.59375,99.99999999999997,12.760416666666668,87.2395833333333
21,O75936,48.06201550387597,51.93798449612403,15.503875968992247,13.695090439276486,22.739018087855296,5.684754521963824,5.943152454780361,6.976744186046512,2.3255813953488373,3.359173126614987,9.560723514211885,4.909560723514212,1.550387596899225,2.3255813953488373,5.426356589147287,5.167958656330749,4.909560723514212,4.1343669250646,3.875968992248062,4.651162790697675,7.493540051679587,5.167958656330749,2.842377260981912,8.010335917312661,5.684754521963824,99.99999999999999,14.728682170542637,85.27131782945735
22,A4D250,54.7486033519553,45.2513966480447,9.497206703910614,12.290502793296088,23.463687150837988,8.379888268156424,6.70391061452514,5.58659217877095,2.2346368715083798,9.497206703910614,11.1731843575419,2.2346368715083798,1.675977653631285,3.35195530726257,3.910614525139665,13.40782122905028,4.4692737430167595,1.1173184357541899,1.675977653631285,2.793296089385475,1.675977653631285,6.145251396648044,1.675977653631285,3.910614525139665,8.379888268156424,99.99999999999997,10.05586592178771,89.94413407821226
23,A6H8Y1,38.33841463414634,61.661585365853654,15.853658536585366,18.864329268292682,26.943597560975608,4.496951219512195,4.763719512195122,6.478658536585366,1.1051829268292683,6.25,6.707317073170732,4.573170731707317,1.9817073170731707,0.11432926829268292,1.8673780487804876,9.527439024390244,6.974085365853659,0.8384146341463415,4.954268292682927,4.649390243902439,8.460365853658537,6.059451219512195,1.333841463414634,5.259146341463414,13.605182926829269,100.00000000000001,4.153963414634146,95.84603658536587
24,P23560,46.963562753036435,53.036437246963565,16.194331983805668,11.740890688259109,25.101214574898783,7.28744939271255,5.668016194331984,6.882591093117409,2.834008097165992,4.048582995951417,8.502024291497975,4.048582995951417,4.048582995951417,1.214574898785425,2.42914979757085,7.28744939271255,7.6923076923076925,3.643724696356275,3.643724696356275,2.834008097165992,6.882591093117409,7.6923076923076925,1.6194331983805668,5.263157894736842,6.477732793522267,100.0,8.906882591093117,91.09311740890688
25,P35226,42.63803680981595,57.36196319018405,17.484662576687114,11.96319018404908,27.914110429447852,4.601226993865031,4.601226993865031,4.294478527607362,3.067484662576687,6.441717791411043,6.748466257668712,6.441717791411043,3.067484662576687,0.3067484662576687,3.067484662576687,10.122699386503067,6.441717791411043,3.6809815950920246,5.214723926380368,2.4539877300613497,7.05521472392638,7.361963190184049,3.067484662576687,6.748466257668712,5.214723926380368,100.0,10.122699386503069,89.87730061349693
26,Q9NWV8,48.02431610942249,51.97568389057751,10.638297872340425,16.717325227963524,24.620060790273556,4.5592705167173255,7.29483282674772,6.68693009118541,2.735562310030395,7.90273556231003,8.206686930091186,3.0395136778115504,3.0395136778115504,0.911854103343465,3.64741641337386,9.422492401215806,5.775075987841945,2.43161094224924,3.343465045592705,3.64741641337386,4.86322188449848,3.64741641337386,2.127659574468085,3.951367781155015,12.76595744680851,100.00000000000001,9.11854103343465,90.88145896656536
27,O60909,54.3010752688172,45.69892473118279,15.591397849462366,8.870967741935484,21.236559139784948,7.795698924731183,6.182795698924731,5.64516129032258,1.881720430107527,8.870967741935484,10.21505376344086,5.10752688172043,2.1505376344086025,1.0752688172043012,5.376344086021505,6.720430107526881,4.032258064516129,3.763440860215054,3.763440860215054,2.956989247311828,2.956989247311828,9.13978494623656,3.494623655913978,5.376344086021505,3.494623655913978,100.00000000000001,13.709677419354838,86.29032258064518
28,Q8TDN6,46.1756373937677,53.82436260623229,23.229461756373937,11.89801699716714,18.69688385269122,3.6827195467422094,5.94900849858357,4.815864022662889,1.41643059490085,7.0821529745042495,7.64872521246459,6.232294617563739,3.1161473087818696,1.13314447592068,5.099150141643059,3.9660056657223794,4.2492917847025495,2.26628895184136,3.9660056657223794,4.2492917847025495,12.181303116147308,7.932011331444759,3.1161473087818696,4.815864022662889,7.0821529745042495,100.0,11.614730878186968,88.38526912181302
29,Q9NVE4,50.294464075382805,49.705535924617195,15.665488810365137,11.66077738515901,22.37926972909305,3.8869257950530036,6.124852767962309,5.418138987043581,0.8244994110718492,8.95170789163722,14.605418138987044,3.180212014134275,2.0023557126030624,1.76678445229682,3.53356890459364,8.716136631330977,4.240282685512367,1.76678445229682,2.944640753828033,4.7114252061248525,6.24263839811543,6.24263839811543,3.180212014134275,3.769140164899882,7.891637220259129,100.00000000000001,10.247349823321555,89.75265017667846
30,P55289,48.48866498740554,51.51133501259446,10.831234256926953,15.113350125944585,25.56675062972292,6.423173803526448,5.919395465994962,7.8085642317380355,0.8816120906801008,6.423173803526448,8.18639798488665,7.052896725440807,1.1335012594458438,0.6297229219143577,4.030226700251889,6.423173803526448,6.926952141057935,3.6523929471032743,4.282115869017632,4.282115869017632,4.659949622166247,4.91183879093199,1.2594458438287155,8.438287153652393,6.675062972292191,100.00000000000001,9.571788413098236,90.42821158690178
31,Q8ND23,49.63556851311953,50.36443148688047,14.067055393586006,11.588921282798834,24.708454810495628,7.507288629737609,7.069970845481049,4.810495626822157,2.0408163265306123,8.16326530612245,12.755102040816327,2.186588921282799,1.239067055393586,1.0204081632653061,2.8425655976676385,9.620991253644315,5.174927113702624,1.1661807580174928,3.498542274052478,5.247813411078718,4.446064139941691,7.069970845481049,2.5510204081632653,4.810495626822157,6.778425655976676,100.00000000000001,7.580174927113703,92.41982507288631
32,Q8WUD4,38.55421686746988,61.44578313253012,25.903614457831324,24.69879518072289,10.843373493975903,3.614457831325301,10.240963855421686,6.024096385542169,0.6024096385542169,4.819277108433735,10.240963855421686,1.8072289156626504,0.6024096385542169,0.6024096385542169,0.0,1.8072289156626504,4.216867469879518,0.6024096385542169,1.2048192771084338,3.0120481927710845,13.855421686746988,10.843373493975903,1.2048192771084338,7.228915662650602,17.46987951807229,99.99999999999999,2.4096385542168677,97.59036144578312
33,Q96LR7,51.85185185185185,48.148148148148145,14.19753086419753,9.876543209876543,24.074074074074073,9.25925925925926,8.641975308641975,4.320987654320987,1.2345679012345678,9.876543209876543,8.641975308641975,1.8518518518518516,3.0864197530864197,1.8518518518518516,3.0864197530864197,6.172839506172839,5.555555555555555,1.2345679012345678,1.8518518518518516,9.25925925925926,4.938271604938271,8.024691358024691,1.2345679012345678,5.555555555555555,4.320987654320987,100.0,7.407407407407407,92.5925925925926
34,A6NCI8,43.05856832971801,56.94143167028199,12.039045553145336,8.459869848156181,36.44251626898048,4.3383947939262475,6.724511930585683,5.531453362255966,0.9761388286334056,8.893709327548807,7.809110629067245,3.9045553145336225,2.0607375271149677,0.6507592190889371,2.1691973969631237,14.859002169197396,7.37527114967462,2.386117136659436,4.55531453362256,7.266811279826464,6.724511930585683,3.470715835140998,1.843817787418655,2.928416485900217,5.531453362255966,100.0,7.049891540130152,92.95010845986985
35,Q9P0B6,41.23711340206185,58.76288659793815,20.618556701030926,14.432989690721648,23.711340206185564,2.0618556701030926,6.185567010309279,4.123711340206185,1.0309278350515463,1.0309278350515463,16.49484536082474,3.0927835051546393,4.123711340206185,1.0309278350515463,2.0618556701030926,8.24742268041237,3.0927835051546393,3.0927835051546393,7.216494845360824,2.0618556701030926,10.309278350515463,9.278350515463918,1.0309278350515463,2.0618556701030926,12.371134020618557,99.99999999999999,7.216494845360824,92.78350515463916
36,Q17RM4,58.93333333333334,41.06666666666667,10.133333333333333,8.533333333333333,22.400000000000002,8.799999999999999,9.733333333333333,3.4666666666666663,2.933333333333333,8.933333333333334,17.866666666666667,1.866666666666667,0.8,2.666666666666667,1.866666666666667,7.733333333333333,3.733333333333334,1.3333333333333335,0.4,9.2,1.3333333333333335,6.800000000000001,2.0,2.533333333333333,6.0,99.99999999999999,7.866666666666667,92.13333333333333
37,A8MX76,50.73099415204678,49.26900584795322,14.76608187134503,10.818713450292398,23.684210526315788,5.994152046783626,4.970760233918129,4.824561403508771,2.046783625730994,4.824561403508771,13.157894736842104,3.8011695906432745,2.3391812865497075,3.216374269005848,5.555555555555555,6.871345029239766,3.8011695906432745,2.923976608187134,3.508771929824561,6.578947368421052,5.994152046783626,6.432748538011696,2.3391812865497075,4.239766081871345,6.578947368421052,100.00000000000001,14.035087719298247,85.96491228070177
38,P42575,51.10619469026548,48.89380530973451,15.265486725663715,12.389380530973451,21.238938053097346,6.637168141592921,6.637168141592921,5.752212389380531,3.982300884955752,5.0884955752212395,13.495575221238937,2.2123893805309733,2.8761061946902653,0.4424778761061947,3.982300884955752,5.752212389380531,4.867256637168142,2.433628318584071,2.6548672566371683,5.530973451327434,5.9734513274336285,5.0884955752212395,4.20353982300885,5.530973451327434,6.8584070796460175,100.00000000000003,11.061946902654867,88.93805309734516
39,A5D8V7,38.991596638655466,61.00840336134454,21.84873949579832,16.30252100840336,22.857142857142858,3.5294117647058822,8.235294117647058,4.705882352941177,0.5042016806722689,2.0168067226890756,13.109243697478993,2.5210084033613445,1.8487394957983194,0.8403361344537815,1.680672268907563,6.050420168067227,4.201680672268908,1.5126050420168067,3.361344537815126,7.73109243697479,9.243697478991598,8.739495798319327,3.865546218487395,4.033613445378151,12.26890756302521,100.0,7.899159663865547,92.10084033613445
40,B2RD01,44.919786096256686,55.080213903743314,16.577540106951872,14.43850267379679,24.06417112299465,3.2085561497326207,10.16042780748663,3.7433155080213902,1.06951871657754,4.27807486631016,10.16042780748663,5.347593582887701,3.2085561497326207,1.06951871657754,2.6737967914438503,9.62566844919786,6.417112299465241,1.06951871657754,1.6042780748663104,5.347593582887701,6.951871657754011,6.951871657754011,2.6737967914438503,4.27807486631016,10.16042780748663,100.0,7.4866310160427805,92.51336898395722
41,Q9Y6F8,45.18518518518518,54.81481481481482,15.74074074074074,11.296296296296296,27.77777777777778,4.814814814814815,7.4074074074074066,6.666666666666667,1.8518518518518516,3.5185185185185186,7.037037037037037,5.9259259259259265,2.5925925925925926,1.1111111111111112,4.2592592592592595,7.777777777777778,8.148148148148149,1.4814814814814816,5.7407407407407405,4.62962962962963,8.703703703703704,5.37037037037037,1.6666666666666667,5.185185185185185,6.111111111111111,100.00000000000003,8.518518518518519,91.48148148148151
42,Q96K31,45.78947368421053,54.21052631578947,13.421052631578947,14.473684210526317,26.31578947368421,3.421052631578948,7.368421052631578,3.684210526315789,3.1578947368421053,3.684210526315789,11.31578947368421,4.2105263157894735,1.5789473684210527,1.3157894736842104,6.052631578947368,8.947368421052632,5.7894736842105265,1.8421052631578945,3.9473684210526314,5.7894736842105265,7.368421052631578,3.684210526315789,2.368421052631579,3.9473684210526314,10.526315789473683,100.0,11.578947368421051,88.42105263157895
43,Q96NL8,44.44444444444444,55.55555555555556,17.391304347826086,15.458937198067632,22.705314009661837,6.763285024154589,4.3478260869565215,3.864734299516908,5.314009661835748,3.3816425120772946,9.66183574879227,4.3478260869565215,1.932367149758454,1.932367149758454,2.898550724637681,9.178743961352657,5.314009661835748,2.4154589371980677,3.3816425120772946,2.4154589371980677,9.66183574879227,5.314009661835748,2.4154589371980677,8.212560386473431,7.246376811594203,100.0,9.66183574879227,90.33816425120773
44,Q7LBR1,44.221105527638194,55.778894472361806,15.577889447236181,13.5678391959799,26.633165829145728,3.5175879396984926,11.557788944723619,7.035175879396985,0.5025125628140703,1.0050251256281406,8.542713567839195,2.512562814070352,7.035175879396985,0.0,2.512562814070352,6.532663316582915,7.537688442211055,0.0,4.522613065326634,8.040201005025125,9.547738693467336,4.522613065326634,1.507537688442211,5.527638190954774,8.040201005025125,100.00000000000001,4.0201005025125625,95.97989949748745
45,P0DMB2,45.2991452991453,54.700854700854705,17.094017094017094,6.837606837606838,30.76923076923077,4.273504273504273,2.564102564102564,5.128205128205128,3.418803418803419,10.256410256410255,7.6923076923076925,4.273504273504273,1.7094017094017095,0.0,5.982905982905983,8.547008547008547,3.418803418803419,1.7094017094017095,5.982905982905983,11.11111111111111,10.256410256410255,5.128205128205128,1.7094017094017095,2.564102564102564,4.273504273504273,99.99999999999999,9.401709401709402,90.59829059829059
46,Q6NUI6,60.498687664041995,39.501312335958005,14.435695538057743,9.05511811023622,16.010498687664043,9.448818897637794,11.94225721784777,4.0682414698162725,2.8871391076115485,8.267716535433072,19.553805774278217,1.1811023622047243,0.26246719160104987,0.9186351706036745,1.968503937007874,4.4619422572178475,2.3622047244094486,1.0498687664041995,3.2808398950131235,4.8556430446194225,1.3123359580052494,9.973753280839896,3.149606299212598,3.2808398950131235,5.774278215223097,100.0,7.086614173228346,92.91338582677166
47,Q8IVW4,44.5945945945946,55.4054054054054,19.08783783783784,11.993243243243242,24.324324324324326,5.912162162162162,3.7162162162162162,5.405405405405405,1.3513513513513513,5.574324324324325,9.121621621621621,6.756756756756757,2.5337837837837838,0.5067567567567568,3.7162162162162162,7.094594594594595,4.391891891891892,2.5337837837837838,6.081081081081082,4.222972972972973,10.641891891891891,4.898648648648648,3.5472972972972974,4.391891891891892,7.601351351351352,99.99999999999999,10.304054054054053,89.69594594594594
48,O43822,47.265625,52.734375,15.234375,13.28125,24.21875,6.25,7.421875,4.6875,2.734375,5.078125,15.234375,2.734375,1.5625,0.78125,0.78125,10.546875,6.25,1.171875,2.34375,3.90625,3.125,10.15625,1.953125,2.734375,10.546875,100.0,4.6875,95.3125
49,Q5T280,49.734042553191486,50.26595744680851,16.48936170212766,14.095744680851062,19.680851063829788,8.51063829787234,9.042553191489363,6.117021276595745,2.393617021276596,5.319148936170213,9.308510638297872,3.4574468085106385,1.0638297872340425,1.0638297872340425,3.4574468085106385,4.25531914893617,3.9893617021276597,2.393617021276596,2.127659574468085,6.914893617021277,6.914893617021277,7.180851063829788,2.393617021276596,5.053191489361701,9.042553191489363,100.0,9.308510638297872,90.69148936170212
50,P42771,59.61538461538461,40.38461538461539,14.102564102564102,14.102564102564102,12.179487179487179,8.974358974358974,18.58974358974359,6.41025641025641,0.641025641025641,7.051282051282051,10.897435897435898,1.9230769230769231,3.205128205128205,1.282051282051282,0.641025641025641,4.487179487179487,3.205128205128205,1.282051282051282,2.564102564102564,0.641025641025641,0.0,10.897435897435898,3.205128205128205,7.051282051282051,7.051282051282051,100.0,6.41025641025641,93.58974358974359
51,Q9HBB8,55.14792899408284,44.85207100591716,7.928994082840236,10.177514792899409,26.745562130177515,10.532544378698224,8.757396449704142,6.982248520710059,0.8284023668639053,12.662721893491124,7.218934911242604,2.72189349112426,1.6568047337278107,0.8284023668639053,2.9585798816568047,7.573964497041421,9.70414201183432,2.0118343195266273,2.72189349112426,4.733727810650888,2.130177514792899,3.7869822485207103,2.0118343195266273,4.615384615384616,5.562130177514793,100.00000000000001,7.810650887573965,92.18934911242604
52,Q6V702,41.63090128755365,58.36909871244635,15.450643776824036,16.738197424892704,26.180257510729614,4.721030042918455,7.725321888412018,4.721030042918455,0.0,2.575107296137339,9.44206008583691,6.866952789699571,0.8583690987124464,0.4291845493562232,4.291845493562231,5.579399141630901,6.437768240343347,4.721030042918455,4.721030042918455,4.721030042918455,5.579399141630901,8.583690987124463,1.2875536480686696,9.012875536480687,7.725321888412018,99.99999999999999,10.72961373390558,89.2703862660944
53,A6NJW9,53.80952380952381,46.19047619047619,16.19047619047619,6.666666666666667,23.333333333333332,5.238095238095238,5.714285714285714,8.095238095238095,3.3333333333333335,5.238095238095238,13.80952380952381,3.8095238095238098,3.3333333333333335,1.4285714285714286,3.8095238095238098,7.6190476190476195,6.666666666666667,1.9047619047619049,1.9047619047619049,5.238095238095238,6.666666666666667,7.142857142857142,2.380952380952381,2.380952380952381,4.285714285714286,100.0,9.523809523809524,90.47619047619048
54,Q4VX62,57.920792079207914,42.07920792079208,13.861386138613863,8.91089108910891,19.306930693069308,8.91089108910891,5.9405940594059405,4.455445544554455,4.9504950495049505,8.91089108910891,12.376237623762377,1.4851485148514851,1.9801980198019802,2.9702970297029703,5.9405940594059405,7.920792079207921,2.4752475247524752,1.9801980198019802,1.9801980198019802,4.9504950495049505,2.4752475247524752,8.415841584158416,2.9702970297029703,3.9603960396039604,4.9504950495049505,100.0,13.861386138613863,86.13861386138613
55,A8K010,50.0,50.0,18.27956989247312,6.989247311827956,24.731182795698924,4.301075268817205,10.21505376344086,1.6129032258064515,6.989247311827956,6.451612903225806,8.064516129032258,2.6881720430107525,2.6881720430107525,2.6881720430107525,4.301075268817205,9.13978494623656,8.60215053763441,1.0752688172043012,2.6881720430107525,3.225806451612903,3.763440860215054,13.440860215053762,1.0752688172043012,2.1505376344086025,4.838709677419355,100.00000000000001,9.139784946236562,90.86021505376345
56,Q9ULG3,41.32029339853301,58.679706601467,18.09290953545232,14.180929095354522,26.405867970660147,3.4229828850855744,4.88997555012225,5.134474327628362,1.2224938875305624,5.8679706601467,8.312958435207824,5.134474327628362,2.2004889975550124,1.9559902200488997,3.1784841075794623,11.7359413202934,5.8679706601467,1.9559902200488997,2.444987775061125,4.400977995110025,9.7799511002445,4.88997555012225,3.4229828850855744,4.400977995110025,9.7799511002445,100.0,10.513447432762836,89.48655256723717
57,Q96KX1,48.717948717948715,51.28205128205128,17.094017094017094,10.256410256410255,23.931623931623932,5.128205128205128,5.128205128205128,4.273504273504273,3.418803418803419,5.982905982905983,14.529914529914532,5.982905982905983,0.8547008547008548,1.7094017094017095,1.7094017094017095,6.837606837606838,6.837606837606838,2.564102564102564,4.273504273504273,3.418803418803419,10.256410256410255,6.837606837606838,0.0,1.7094017094017095,8.547008547008547,100.0,5.982905982905983,94.01709401709402
58,Q9HCK8,45.331266950794266,54.668733049205734,15.846571096474236,14.567996900426191,24.254165052305307,5.6954668733049205,6.082913599380086,5.617977528089887,1.239829523440527,6.741573033707865,9.298721425803953,4.261913986826811,2.3634250290585044,1.084850833010461,2.9445951181712515,8.368849283223556,5.075552111584657,2.0147229755908564,3.17706315381635,5.617977528089887,6.586594343277799,6.392870980240217,2.8671057729562186,6.509104998062766,8.058891902363426,100.0,8.911274699728787,91.08872530027121
59,P28906,44.935064935064936,55.064935064935064,9.87012987012987,8.311688311688311,36.883116883116884,8.571428571428571,6.753246753246753,5.974025974025974,1.8181818181818181,4.935064935064935,10.129870129870131,3.116883116883117,1.2987012987012987,0.5194805194805194,1.8181818181818181,12.987012987012985,11.948051948051948,2.0779220779220777,4.415584415584416,5.454545454545454,4.1558441558441555,4.1558441558441555,1.5584415584415585,2.857142857142857,5.454545454545454,99.99999999999999,5.974025974025974,94.02597402597401
60,Q53SF7,42.02127659574468,57.97872340425532,14.361702127659576,13.120567375886525,30.49645390070922,3.102836879432624,6.648936170212766,5.673758865248227,0.8865248226950355,9.574468085106384,6.560283687943262,5.141843971631205,2.2163120567375887,0.08865248226950355,2.127659574468085,12.056737588652481,6.205673758865248,1.6843971631205674,5.673758865248227,4.875886524822695,8.24468085106383,3.723404255319149,2.393617021276596,5.939716312056738,7.180851063829788,99.99999999999999,6.294326241134752,93.70567375886523
61,O43866,52.44956772334294,47.55043227665706,13.256484149855908,14.121037463976945,20.172910662824208,11.239193083573488,4.899135446685879,8.357348703170029,7.780979827089338,4.322766570605188,7.780979827089338,2.3054755043227666,0.5763688760806917,3.170028818443804,2.0172910662824206,7.204610951008646,3.7463976945244957,1.440922190201729,2.3054755043227666,5.475504322766571,4.610951008645533,5.763688760806916,2.881844380403458,6.340057636887608,7.780979827089338,100.0,9.510086455331411,90.48991354466858
62,P30279,49.82698961937716,50.17301038062284,13.148788927335639,15.22491349480969,21.79930795847751,2.422145328719723,7.26643598615917,6.228373702422145,4.1522491349480966,4.498269896193772,14.186851211072666,4.498269896193772,2.768166089965398,1.0380622837370241,2.768166089965398,4.844290657439446,5.536332179930796,2.422145328719723,2.422145328719723,6.5743944636678195,5.88235294117647,5.536332179930796,1.7301038062283738,6.920415224913495,8.304498269896193,100.0,7.958477508650518,92.04152249134948
63,O60583,39.58904109589041,60.41095890410959,17.534246575342465,9.452054794520548,33.42465753424658,4.52054794520548,5.068493150684931,5.068493150684931,1.2328767123287672,5.616438356164384,8.082191780821917,4.657534246575342,2.328767123287671,0.9589041095890412,2.054794520547945,15.479452054794521,6.301369863013699,2.4657534246575343,3.5616438356164384,5.616438356164384,7.671232876712329,3.5616438356164384,6.301369863013699,4.383561643835616,5.068493150684931,100.0,11.780821917808218,88.21917808219177
64,A8K5M9,48.0,52.0,14.285714285714285,11.428571428571429,26.285714285714285,5.142857142857142,6.2857142857142865,2.857142857142857,1.1428571428571428,10.857142857142858,13.142857142857142,1.7142857142857144,1.1428571428571428,1.1428571428571428,4.571428571428571,12.571428571428573,4.571428571428571,2.2857142857142856,1.7142857142857144,5.142857142857142,2.857142857142857,9.714285714285714,1.7142857142857144,4.0,7.428571428571429,100.0,9.714285714285714,90.28571428571429
65,P13942,63.594470046082954,36.405529953917046,11.117511520737327,10.887096774193548,14.400921658986174,24.65437788018433,5.64516129032258,4.262672811059908,0.8064516129032258,17.165898617511523,6.451612903225806,1.7281105990783412,0.9216589861751152,0.1728110599078341,1.7857142857142856,3.7442396313364052,3.4562211981566824,1.3248847926267282,0.8640552995391706,5.011520737327189,4.147465437788019,5.817972350230415,1.1520737327188941,4.550691244239631,6.336405529953917,100.00000000000001,4.435483870967742,95.56451612903227
66,Q86U37,46.706586826347305,53.293413173652695,14.97005988023952,6.58682634730539,31.736526946107784,2.9940119760479043,4.191616766467066,5.389221556886228,2.9940119760479043,5.9880239520958085,11.976047904191617,5.389221556886228,2.3952095808383236,1.7964071856287425,3.592814371257485,14.97005988023952,4.191616766467066,2.3952095808383236,5.9880239520958085,4.191616766467066,8.982035928143713,4.790419161676647,1.1976047904191618,1.7964071856287425,4.790419161676647,100.00000000000001,8.982035928143713,91.0179640718563
67,P05997,65.44362908605737,34.55637091394263,10.140093395597065,9.673115410273516,14.743162108072047,26.817878585723815,5.537024683122081,3.8692461641094065,1.134089392928619,18.01200800533689,4.136090727151434,2.601734489659773,1.6010673782521683,0.40026684456304207,1.33422281521014,4.202801867911941,3.402268178785857,0.733822548365577,2.401601067378252,4.0026684456304205,4.0693795863909275,4.936624416277518,1.134089392928619,4.603068712474983,5.070046697798532,100.0,3.6024016010673785,96.39759839893262
68,Q9UJS0,56.888888888888886,43.111111111111114,12.444444444444445,9.925925925925926,20.74074074074074,8.444444444444445,9.925925925925926,8.148148148148149,1.037037037037037,5.185185185185185,9.481481481481481,4.888888888888889,1.7777777777777777,0.4444444444444444,7.555555555555555,5.333333333333334,5.481481481481482,2.814814814814815,2.814814814814815,4.296296296296296,5.777777777777778,5.185185185185185,1.4814814814814816,4.148148148148148,5.777777777777778,99.99999999999999,12.296296296296296,87.7037037037037
69,Q7Z624,50.464396284829725,49.53560371517028,14.551083591331269,12.38390092879257,22.60061919504644,6.811145510835913,7.739938080495357,7.739938080495357,3.7151702786377707,2.786377708978328,10.21671826625387,4.643962848297214,1.5479876160990713,1.238390092879257,4.024767801857585,6.191950464396285,4.953560371517028,2.476780185758514,5.572755417956656,3.4055727554179565,5.263157894736842,6.191950464396285,3.0959752321981426,4.953560371517028,7.430340557275541,99.99999999999999,10.8359133126935,89.16408668730648
70,Q9HAW4,36.37042569081404,63.629574309185955,16.13144137415982,22.255414488424197,25.24271844660194,5.1530993278566095,5.3024645257654965,3.8088125466766245,0.8215085884988798,4.33159073935773,8.812546676624347,2.7632561613144135,1.9417475728155338,0.2987303958177745,3.136669156086632,10.380881254667662,4.630321135175504,1.344286781179985,4.256908140403286,4.630321135175504,9.559372666168784,4.480955937266617,2.0911127707244215,7.766990291262135,14.488424197162061,100.0,6.870799103808814,93.12920089619118
71,P56856,60.53639846743295,39.46360153256705,7.662835249042145,5.363984674329502,26.436781609195403,11.494252873563218,9.578544061302683,8.42911877394636,3.065134099616858,2.2988505747126435,8.045977011494253,5.747126436781609,5.747126436781609,1.532567049808429,4.597701149425287,8.045977011494253,8.045977011494253,4.21455938697318,3.065134099616858,3.065134099616858,3.4482758620689653,3.065134099616858,1.1494252873563218,2.681992337164751,2.681992337164751,100.00000000000001,11.49425287356322,88.5057471264368
72,Q02246,52.5,47.5,12.01923076923077,9.711538461538462,25.769230769230766,8.365384615384615,8.846153846153847,7.115384615384615,1.153846153846154,7.5,7.884615384615384,4.519230769230769,1.9230769230769231,2.1153846153846154,3.076923076923077,7.884615384615384,7.403846153846154,2.6923076923076925,4.423076923076923,3.3653846153846154,3.75,6.25,2.019230769230769,4.134615384615384,5.5769230769230775,100.0,9.903846153846153,90.09615384615384
73,P09497,44.54148471615721,55.45851528384279,12.22707423580786,19.213973799126638,24.017467248908297,6.550218340611353,13.100436681222707,3.9301310043668125,0.8733624454148471,5.240174672489083,4.366812227074235,3.4934497816593884,1.3100436681222707,1.7467248908296942,3.9301310043668125,8.296943231441048,3.4934497816593884,1.3100436681222707,3.4934497816593884,7.423580786026202,6.986899563318777,4.8034934497816595,0.43668122270742354,6.550218340611353,12.663755458515283,99.99999999999999,7.423580786026201,92.57641921397378
74,P35523,56.983805668016196,43.016194331983804,10.82995951417004,10.425101214574898,21.761133603238868,7.793522267206478,7.388663967611336,7.388663967611336,1.8218623481781375,7.186234817813765,11.437246963562753,4.757085020242915,2.834008097165992,1.3157894736842104,5.060728744939271,7.6923076923076925,5.364372469635628,2.631578947368421,1.5182186234817814,4.554655870445344,4.251012145748987,4.048582995951417,2.5303643724696356,4.149797570850203,6.275303643724696,100.0,11.538461538461538,88.46153846153847
75,G3V211,50.43478260869565,49.56521739130435,15.65217391304348,6.956521739130435,26.956521739130434,3.4782608695652173,3.4782608695652173,7.82608695652174,4.3478260869565215,6.086956521739131,6.956521739130435,1.7391304347826086,4.3478260869565215,3.4782608695652173,8.695652173913043,11.304347826086957,4.3478260869565215,2.608695652173913,2.608695652173913,6.086956521739131,6.956521739130435,6.086956521739131,2.608695652173913,2.608695652173913,4.3478260869565215,99.99999999999996,17.391304347826086,82.60869565217388
76,Q9UDT6,43.40344168260038,56.59655831739961,17.686424474187383,16.061185468451242,22.848948374760994,6.692160611854685,8.98661567877629,5.927342256214149,0.7648183556405354,3.5372848948374758,11.759082217973232,2.581261950286807,1.4340344168260037,0.5736137667304015,1.147227533460803,8.891013384321225,4.2065009560229445,1.147227533460803,2.0076481835564053,6.596558317399618,8.030592734225621,6.9789674952198855,2.676864244741874,4.684512428298279,11.376673040152964,100.0,5.544933078393882,94.45506692160612
77,Q02318,55.55555555555556,44.44444444444444,14.124293785310735,9.6045197740113,20.715630885122412,6.779661016949152,9.03954802259887,6.214689265536723,1.3182674199623352,6.591337099811676,12.617702448210924,3.5781544256120528,2.6365348399246704,1.694915254237288,5.084745762711865,4.519774011299435,3.766478342749529,3.5781544256120528,2.2598870056497176,6.591337099811676,4.519774011299435,6.779661016949152,2.824858757062147,3.5781544256120528,6.0263653483992465,100.0,13.182674199623353,86.81732580037665
78,Q6UXZ3,49.48453608247423,50.51546391752577,10.824742268041238,7.216494845360824,32.47422680412371,6.701030927835052,5.670103092783505,6.701030927835052,2.0618556701030926,4.639175257731959,12.371134020618557,3.608247422680412,1.5463917525773196,3.608247422680412,2.5773195876288657,8.762886597938143,11.34020618556701,2.5773195876288657,5.154639175257731,4.639175257731959,5.154639175257731,4.639175257731959,1.0309278350515463,3.0927835051546393,4.123711340206185,100.0,9.79381443298969,90.20618556701031
79,Q8N999,49.23076923076923,50.76923076923077,17.23076923076923,13.230769230769232,20.307692307692307,4.615384615384616,3.6923076923076925,6.769230769230769,3.3846153846153846,7.076923076923077,8.923076923076923,6.461538461538462,1.2307692307692308,2.4615384615384617,4.615384615384616,5.230769230769231,3.3846153846153846,2.4615384615384617,6.461538461538462,2.769230769230769,9.230769230769232,3.076923076923077,4.923076923076923,5.846153846153846,7.384615384615385,100.0,14.461538461538463,85.53846153846153
80,O43303,43.08300395256917,56.916996047430835,15.711462450592887,12.351778656126482,28.85375494071146,3.9525691699604746,6.324110671936759,6.422924901185771,1.383399209486166,5.138339920948617,8.893280632411066,4.3478260869565215,3.3596837944664033,0.3952569169960474,2.8656126482213438,10.57312252964427,5.0395256916996045,1.4822134387351777,5.533596837944664,6.225296442687747,8.300395256916996,5.33596837944664,2.075098814229249,4.24901185770751,8.102766798418973,100.00000000000003,6.8181818181818175,93.18181818181822
81,Q96NU0,52.01863354037267,47.98136645962733,12.267080745341614,9.472049689440993,26.242236024844722,9.549689440993788,7.453416149068323,6.521739130434782,3.027950310559006,4.813664596273292,9.782608695652174,3.4161490683229814,1.3198757763975155,1.5527950310559007,4.580745341614907,9.394409937888199,5.978260869565218,2.717391304347826,3.9596273291925463,4.192546583850932,3.571428571428571,5.8229813664596275,2.872670807453416,4.968944099378882,4.503105590062112,99.99999999999999,11.72360248447205,88.27639751552793
82,Q7Z407,51.30833558133261,48.691664418667386,9.576476935527381,9.17183706501214,29.943350418127867,10.089020771513352,3.9384947396816834,5.718910169948745,3.911518748314,6.878877798759104,6.824925816023739,5.96169409225789,1.240895602913407,1.5376315079579175,5.206366333962773,9.819260857836525,6.878877798759104,4.019422713784731,5.449150256271918,3.7766387914755866,2.9943350418127865,3.965470731049366,2.616671162665228,4.478014567035339,4.6938224979768,100.00000000000001,13.38009171837065,86.61990828162936
83,Q5T8D3,44.00749063670412,55.99250936329588,13.857677902621724,15.355805243445692,26.779026217228463,8.801498127340825,4.681647940074907,5.617977528089887,1.4981273408239701,4.119850187265917,6.179775280898876,4.307116104868914,3.3707865168539324,2.247191011235955,3.1835205992509366,9.176029962546817,4.868913857677903,2.247191011235955,4.49438202247191,5.992509363295881,5.992509363295881,5.430711610486892,2.4344569288389515,5.992509363295881,9.363295880149813,100.00000000000003,10.112359550561798,89.88764044943824
84,P20848,47.38095238095238,52.61904761904762,16.19047619047619,12.142857142857142,24.285714285714285,4.285714285714286,5.952380952380952,7.380952380952381,0.9523809523809524,3.8095238095238098,10.952380952380953,5.714285714285714,1.9047619047619049,1.6666666666666667,4.761904761904762,6.904761904761905,6.904761904761905,2.619047619047619,4.0476190476190474,3.8095238095238098,8.333333333333332,4.0476190476190474,3.8095238095238098,5.952380952380952,6.190476190476191,100.0,12.857142857142858,87.14285714285714
85,Q8IZ83,62.593516209476306,37.406483790523694,10.723192019950124,9.476309226932669,17.206982543640898,10.224438902743142,14.214463840399002,7.98004987531172,2.2443890274314215,7.605985037406484,12.094763092269327,1.8703241895261846,1.4962593516209477,2.6184538653366585,2.2443890274314215,5.985037406483791,3.4912718204488775,1.4962593516209477,1.6209476309226933,4.613466334164588,1.6209476309226933,7.231920199501247,1.8703241895261846,3.4912718204488775,5.985037406483791,100.00000000000003,8.229426433915213,91.77057356608482
86,P28330,52.79069767441861,47.20930232558139,15.813953488372093,11.627906976744185,19.767441860465116,9.069767441860465,9.534883720930234,6.046511627906977,1.627906976744186,3.255813953488372,7.906976744186046,7.209302325581396,2.558139534883721,1.627906976744186,3.953488372093023,6.744186046511628,3.488372093023256,2.7906976744186047,3.0232558139534884,3.7209302325581395,6.976744186046512,4.883720930232558,3.953488372093023,3.488372093023256,8.13953488372093,100.00000000000001,12.325581395348838,87.67441860465118
87,Q86TX2,58.90736342042755,41.09263657957244,14.489311163895488,11.63895486935867,14.964370546318289,10.451306413301662,8.788598574821853,7.363420427553444,1.66270783847981,8.31353919239905,12.114014251781473,3.5629453681710213,1.66270783847981,1.187648456057007,3.800475059382423,3.5629453681710213,3.800475059382423,3.32541567695962,2.137767220902613,2.137767220902613,4.275534441805226,7.1258907363420425,3.0878859857482186,4.038004750593824,7.600950118764846,100.0,11.401425178147269,88.59857482185274
88,Q4LEZ3,49.67741935483871,50.32258064516129,15.483870967741936,15.483870967741936,19.35483870967742,5.161290322580645,13.548387096774196,3.225806451612903,1.2903225806451613,5.161290322580645,10.967741935483872,2.5806451612903225,1.935483870967742,1.935483870967742,3.870967741935484,5.161290322580645,3.870967741935484,0.6451612903225806,1.935483870967742,7.741935483870968,2.5806451612903225,11.612903225806452,1.2903225806451613,5.806451612903226,9.67741935483871,100.00000000000001,7.741935483870968,92.25806451612905
89,Q5VST6,52.083333333333336,47.91666666666667,11.458333333333332,10.76388888888889,25.694444444444443,6.597222222222222,6.944444444444445,4.861111111111112,4.166666666666666,5.555555555555555,9.375,6.25,2.083333333333333,1.3888888888888888,4.861111111111112,9.375,4.861111111111112,4.861111111111112,4.166666666666666,2.430555555555556,4.166666666666666,5.208333333333334,2.083333333333333,4.861111111111112,5.902777777777778,100.0,13.194444444444443,86.80555555555556
90,P17174,52.05811138014528,47.94188861985472,12.590799031477,10.895883777239709,24.455205811138015,6.779661016949152,8.232445520581114,7.506053268765134,0.9685230024213075,5.811138014527845,8.958837772397095,4.600484261501211,1.4527845036319613,2.1791767554479415,5.569007263922518,6.5375302663438255,5.326876513317192,2.9055690072639226,6.053268765133172,3.631961259079903,5.084745762711865,5.326876513317192,2.1791767554479415,4.600484261501211,6.2953995157385,99.99999999999997,12.832929782082324,87.16707021791765
91,P28288,51.289833080424884,48.710166919575116,16.084977238239755,10.015174506828528,22.610015174506827,7.587253414264036,4.855842185128983,6.980273141122914,1.3657056145675266,3.1866464339908953,12.44309559939302,6.22154779969651,3.0349013657056148,0.7587253414264037,4.855842185128983,5.918057663125948,4.400606980273141,4.855842185128983,3.9453717754172986,3.490136570561457,6.525037936267071,6.980273141122914,2.579666160849772,4.24886191198786,5.7663125948406675,100.0,13.050075872534142,86.94992412746586
92,Q9NUN7,59.925093632958806,40.074906367041194,10.861423220973784,5.992509363295881,23.220973782771537,5.617977528089887,2.9962546816479403,7.490636704119851,2.6217228464419478,4.49438202247191,13.108614232209737,8.239700374531834,3.7453183520599254,4.119850187265917,7.490636704119851,5.2434456928838955,6.741573033707865,6.741573033707865,2.9962546816479403,1.4981273408239701,4.119850187265917,4.119850187265917,2.6217228464419478,1.8726591760299627,4.119850187265917,100.0,20.973782771535582,79.02621722846442
93,Q9NP58,56.888361045130644,43.111638954869356,10.570071258907364,8.551068883610451,23.990498812351543,8.194774346793348,8.551068883610451,7.8384798099762465,1.187648456057007,3.44418052256532,13.657957244655583,5.225653206650831,1.9002375296912115,2.6128266033254155,4.275534441805226,6.413301662707839,6.0570071258907365,3.2066508313539197,3.0878859857482186,5.225653206650831,2.2565320665083135,7.1258907363420425,1.187648456057007,3.44418052256532,5.10688836104513,100.00000000000001,11.282660332541568,88.71733966745845
94,Q8TDX5,56.547619047619044,43.452380952380956,14.583333333333334,12.5,16.36904761904762,8.035714285714286,5.952380952380952,7.440476190476191,2.083333333333333,6.547619047619048,11.011904761904761,3.571428571428571,4.166666666666666,2.380952380952381,5.357142857142857,3.869047619047619,3.869047619047619,2.380952380952381,2.976190476190476,3.273809523809524,8.035714285714286,3.869047619047619,2.6785714285714284,5.357142857142857,7.142857142857142,100.0,12.797619047619047,87.20238095238095
95,O75689,48.663101604278076,51.33689839572193,18.71657754010695,12.834224598930483,19.786096256684495,6.417112299465241,8.823529411764707,5.080213903743315,1.6042780748663104,6.149732620320856,6.684491978609626,3.4759358288770055,1.8716577540106951,2.13903743315508,6.417112299465241,4.545454545454546,3.7433155080213902,4.27807486631016,2.941176470588235,4.27807486631016,6.951871657754011,8.288770053475936,3.4759358288770055,5.347593582887701,7.4866310160427805,99.99999999999999,16.310160427807485,83.6898395721925
96,Q5JTC6,46.16740088105727,53.83259911894274,12.246696035242291,16.651982378854626,24.933920704845818,7.841409691629956,8.458149779735683,3.4361233480176208,1.762114537444934,10.044052863436123,7.312775330396476,1.145374449339207,2.4669603524229076,0.7929515418502203,2.907488986784141,10.572687224669604,4.845814977973569,2.8193832599118944,2.290748898678414,4.405286343612335,4.140969162995595,5.638766519823789,2.4669603524229076,5.1982378854625555,11.45374449339207,99.99999999999999,8.986784140969164,91.01321585903082
97,Q9H0P7,59.59595959595959,40.4040404040404,10.1010101010101,8.080808080808081,22.22222222222222,10.1010101010101,9.595959595959595,4.040404040404041,6.565656565656567,7.575757575757576,11.616161616161616,2.0202020202020203,2.0202020202020203,2.0202020202020203,4.040404040404041,9.595959595959595,6.0606060606060606,2.0202020202020203,2.0202020202020203,2.525252525252525,2.525252525252525,3.535353535353535,4.040404040404041,6.0606060606060606,2.0202020202020203,100.00000000000001,12.121212121212121,87.87878787878789
98,Q9BZ11,58.794587945879464,41.20541205412054,13.038130381303814,9.471094710947108,18.696186961869618,10.947109471094711,8.364083640836409,5.166051660516605,6.150061500615006,9.10209102091021,11.685116851168512,0.984009840098401,1.8450184501845017,2.214022140221402,2.337023370233702,5.781057810578106,4.305043050430505,1.3530135301353015,2.337023370233702,4.920049200492005,1.8450184501845017,6.642066420664207,4.551045510455105,4.920049200492005,4.551045510455105,100.00000000000001,10.455104551045512,89.5448954489545
99,Q9ULJ7,49.755073477956614,50.244926522043386,13.156053184044787,11.056682995101468,26.03219034289713,7.3477956613016095,9.167249825052485,6.438068579426172,2.3792862141357594,3.568929321203639,11.686494051784464,3.8488453463960814,1.819454163750875,1.2596221133659902,2.239328201539538,8.74737578726382,4.96850944716585,1.749475157452764,4.688593421973408,5.8782365290412875,4.688593421973408,4.618614415675298,3.8488453463960814,5.108467459762071,5.948215535339398,100.0,9.097270818754374,90.90272918124563
